Player,Date,City,State
Aaron Gordon,Sep 16 1995,San Jose,California
Aaron Holiday,Sep 30 1996,Ruston,Louisiana
Alec Burks,Jul 20 1991,Grandview,Missouri
Al-Farouq Aminu,Sep 21 1990,Atlanta,Georgia
Alfonzo McKinnie,Sep 17 1992,Chicago,Illinois
Alize Johnson,Apr 22 1996,Williamsport,Pennsylvania
Allen Crabbe,Apr 9 1992,Los Angeles,California
Allonzo Trier,Jan 17 1996,Seattle,Washington
Amile Jefferson,May 7 1993,Philadelphia,Pennsylvania
Amir Coffey,Jun 17 1997,Hopkins,Minnesota
Andre Drummond,Aug 10 1993,Mount Vernon,New York
Andre Iguodala,Jan 28 1984,Springfield,Illinois
Anfernee Simons,Jun 8 1999,Longwood,Florida
Anthony Davis,Mar 11 1993,Chicago,Illinois
Anthony Tolliver,Jun 1 1985,Springfield,Missouri
Austin Rivers,Aug 1 1992,Santa Monica,California
Avery Bradley,Nov 26 1990,Tacoma,Washington
B.J. Johnson,Dec 21 1995,Philadelphia,Pennsylvania
Bam Adebayo,Jul 18 1997,Newark,New Jersey
Ben McLemore,Feb 11 1993,St. Louis,Missouri
Blake Griffin,Mar 16 1989,Oklahoma City,Oklahoma
Bobby Portis,Feb 10 1995,Little Rock,Arkansas
Brad Wanamaker,Jul 25 1989,Philadelphia,Pennsylvania
Bradley Beal,Jun 28 1993,St. Louis,Missouri
Brandon Goodwin,Oct 2 1995,Norcross,Georgia
Brandon Knight,Dec 2 1991,Miami,Florida
Brian Bowen,Oct 2 1998,Saginaw,Michigan
Brook Lopez,Apr 1 1988,North Hollywood,California
Bruce Brown,Aug 15 1996,Boston,Massachusetts
Bryn Forbes,Jul 23 1993,Lansing,Michigan
Caleb Swanigan,Apr 18 1997,Indianapolis,Indiana
Cam Reddish,Sep 1 1999,Norristown,Pennsylvania
Cameron Johnson,Mar 3 1996,Moon Township,Pennsylvania
Caris LeVert,Aug 25 1994,Columbus,Ohio
Carmelo Anthony,May 29 1984,Brooklyn,New York
Chandler Hutchison,Apr 26 1996,Mission Viejo,California
Chandler Parsons,Oct 25 1988,Casselberry,Florida
Charlie Brown,Feb 2 1997,Philadelphia,Pennsylvania
Chasson Randle,Feb 5 1993,Rock Island,Illinois
Chimezie Metu,Mar 22 1997,Los Angeles,California
Christian Wood,Sep 27 1995,Long Beach,California
CJ McCollum,Sep 19 1991,Canton,Ohio
Cody Zeller,Oct 5 1992,Washington,Indiana
Collin Sexton,Jan 4 1999,Marietta,Georgia
Courtney Lee,Oct 3 1985,Indianapolis,Indiana
D.J. Augustin,Nov 10 1987,New Orleans,Louisiana
D.J. Wilson,Feb 19 1996,Mount Shasta,California
Damian Jones,Jun 30 1995,Baton Rouge,Louisiana
Damian Lillard,Jul 15 1990,Oakland,California
Damion Lee,Oct 21 1992,Baltimore,Maryland
D'Angelo Russell,Feb 23 1996,Louisville,Kentucky
Daniel Gafford,Oct 1 1998,El Dorado,Arkansas
Danny Green,Jun 22 1987,North Babylon,New York
DaQuan Jeffries,Aug 30 1997,Edmond,Oklahoma
Darius Bazley,Jun 12 2000,Boston,Massachusetts
Darius Garland,Jan 26 2000,Gary,Indiana
Daryl Macon,Nov 29 1995,Little Rock,Arkansas
David Nwaba,Jan 14 1993,Los Angeles,California
De'Aaron Fox,Dec 20 1997,New Orleans,Louisiana
Dean Wade,Nov 20 1996,Wichita,Kansas
De'Andre Hunter,Dec 2 1997,Philadelphia,Pennsylvania
De'Anthony Melton,May 28 1998,North Hollywood,California
Dejounte Murray,Sep 19 1996,Seattle,Washington
Delon Wright,Apr 26 1992,Los Angeles,California
DeMar DeRozan,Aug 7 1989,Compton,California
DeMarre Carroll,Jul 27 1986,Birmingham,Alabama
Denzel Valentine,Nov 16 1993,Lansing,Michigan
Deonte Burton,Jan 31 1994,Milwaukee,Wisconsin
Derrick Favors,Jul 15 1991,Atlanta,Georgia
Derrick Jones Jr.,Feb 15 1997,Chester,Pennsylvania
Derrick Rose,Oct 4 1988,Chicago,Illinois
Derrick Walton,Apr 3 1995,Detroit,Michigan
Derrick White,Jul 2 1994,Parker,Colorado
Devin Booker,Oct 30 1996,Grand Rapids,Michigan
Devon Hall,Jul 7 1995,Virginia Beach,Virginia
Dewan Hernandez,Dec 9 1996,Miami,Florida
Dewayne Dedmon,Aug 12 1989,Lancaster,California
Dion Waiters,Dec 10 1991,Philadelphia,Pennsylvania
Domantas Sabonis,May 3 1996,Portland,Oregon
Donovan Mitchell,Sep 7 1996,Elmsford,New York
Donta Hall,Aug 7 1997,Luverne,Alabama
Donte DiVincenzo,Jan 31 1997,Newark,Delaware
Dorian Finney-Smith,May 4 1993,Portsmouth,Virginia
Doug McDermott,Jan 3 1992,Grand Forks,North Dakota
Draymond Green,Mar 4 1990,Saginaw,Michigan
Drew Eubanks,Feb 1 1997,Starkville,Mississippi
Duncan Robinson,Apr 22 1994,York,Maine
Dusty Hannahs,Sep 2 1993,Little Rock,Arkansas
Dwayne Bacon,Aug 30 1995,Lakeland,Florida
Dwight Howard,Dec 8 1985,Atlanta,Georgia
Ed Davis,Jun 5 1989,Washington,District of Columbia
Edmond Sumner,Dec 31 1995,Detroit,Michigan
Elfrid Payton,Feb 22 1994,Gretna,Louisiana
Eric Bledsoe,Dec 9 1989,Birmingham,Alabama
Eric Gordon,Dec 25 1988,Indianapolis,Indiana
Eric Paschall,Nov 4 1996,North Tarrytown,New York
E'Twaun Moore,Feb 25 1989,East Chicago,Indiana
Evan Turner,Oct 27 1988,Chicago,Illinois
Frank Jackson,May 4 1998,Washington,District of Columbia
Frank Kaminsky,Apr 4 1993,Lisle,Illinois
Frank Mason III,Apr 3 1994,Petersburg,Virginia
Fred VanVleet,Feb 25 1994,Rockford,Illinois
Gabe Vincent,Jun 14 1996,Modesto,California
Garrett Temple,May 8 1986,Baton Rouge,Louisiana
Gary Harris,Sep 14 1994,Fishers,Indiana
Gary Payton II,Dec 1 1992,Seattle,Washington
Gary Trent Jr.,Jan 18 1999,Columbus,Ohio
George Hill,May 4 1986,Indianapolis,Indiana
Georges Niang,Jun 17 1993,Lawrence,Massachusetts
Glenn Robinson III,Jan 8 1994,Gary,Indiana
Gordon Hayward,Mar 23 1990,Indianapolis,Indiana
Grayson Allen,Oct 8 1995,Jacksonville,Florida
Hamidou Diallo,Jul 31 1998,Queens,New York
Harrison Barnes,May 30 1992,Ames,Iowa
Henry Ellenson,Jan 13 1997,Rice Lake,Wisconsin
Iman Shumpert,Jun 26 1990,Oak Park,Illinois
Isaiah Hartenstein,May 5 1998,Eugene,Oregon
Isaiah Roby,Feb 3 1998,Dixon,Illinois
Isaiah Thomas,Feb 7 1989,Tacoma,Washington
J.P. Macura,Jun 5 1995,Lakeville,Minnesota
Ja Morant,Aug 10 1999,Dalzell,South Carolina
Jabari Parker,Mar 15 1995,Chicago,Illinois
Jae Crowder,Jul 6 1990,Villa Rica,Georgia
Jahlil Okafor,Dec 15 1995,Chicago,Illinois
JaKarr Sampson,Mar 20 1993,Cleveland,Ohio
Jake Layman,Mar 7 1994,Norwood,Massachusetts
Jalen Brunson,Aug 31 1996,New Brunswick,New Jersey
Jalen Lecque,Jun 13 2000,New York,New York
Jalen McDaniels,Jan 31 1998,Federal Way,Washington
James Ennis,Jul 1 1990,Ventura,California
James Harden,Aug 26 1989,Los Angeles,California
James Johnson,Feb 20 1987,Cheyenne,Wyoming
JaMychal Green,Jun 21 1990,Montgomery,Alabama
Jared Dudley,Jul 10 1985,San Diego,California
Jared Harper,Sep 14 1997,Atlanta,Georgia
Jaren Jackson Jr.,Sep 15 1999,Plainfield,New Jersey
Jarrell Brantley,Jun 7 1996,Charleston,South Carolina
Jarrod Uthoff,May 19 1993,Cedar Rapids,Iowa
JaVale McGee,Jan 19 1988,Flint,Michigan
Javonte Green,Jul 23 1993,Petersburg,Virginia
Jaxson Hayes,May 23 2000,Norman,Oklahoma
Jaylen Brown,Oct 24 1996,Marietta,Georgia
Jaylen Nowell,Jul 9 1999,Seattle,Washington
Jayson Tatum,Mar 3 1998,St. Louis,Missouri
Jeff Green,Aug 28 1986,Cheverly,Maryland
Jeff Teague,Jun 10 1988,Indianapolis,Indiana
Jerami Grant,Mar 12 1994,Portland,Oregon
Jeremy Lamb,May 30 1992,Henrico,Virginia
Jeremy Pargo,Mar 17 1986,Chicago,Illinois
Jevon Carter,Sep 14 1995,Maywood,Illinois
Joe Chealey,Nov 1 1995,Orlando,Florida
Joe Harris,Sep 6 1991,Chelan,Washington
John Konchar,Mar 22 1996,Chicago,Illinois
Jonathan Isaac,Oct 3 1997,The Bronx,New York
Jordan Bell,Jan 7 1995,Los Angeles,California
Jordan Clarkson,Jun 7 1992,Tampa,Florida
Jordan McLaughlin,Apr 9 1996,Etiwanda,California
Jordan McRae,Mar 28 1991,Savannah,Georgia
Jordan Poole,Jun 19 1999,Milwaukee,Wisconsin
Josh Gray,Sep 9 1993,Lake Charles,Louisiana
Josh Hart,Mar 6 1995,Silver Spring,Maryland
Josh Jackson,Feb 10 1997,San Diego,California
Josh Magette,Nov 28 1989,Birmingham,Alabama
Josh Reaves,Jun 4 1997,Fairfax,Virginia
Josh Richardson,Sep 15 1993,Edmond,Oklahoma
Jrue Holiday,Jun 12 1990,Chatsworth,California
Juan Toscano-Anderson,Apr 10 1993,Oakland,California
Justin Anderson,Nov 19 1993,Montross,Virginia
Justin Holiday,Apr 5 1989,Mission Hills,California
Justin James,Jan 24 1997,Port St. Lucie,Florida
Justin Patton,Jun 14 1997,Omaha,Georgia
Justin Robinson,Oct 12 1997,Manassas,Virginia
Justin Wright-Foreman,Oct 27 1997,Queens,New York
Juwan Morgan,Apr 17 1997,Waynesville,Missouri
Karl-Anthony Towns,Nov 15 1995,Edison,New Jersey
Kawhi Leonard,Jun 29 1991,Los Angeles,California
Keita Bates-Diop,Jan 23 1996,Bloomington,Illinois
Kelan Martin,Aug 3 1995,Louisville,Kentucky
Keldon Johnson,Oct 11 1999,Chesterfield,Virginia
Kelly Oubre Jr.,Dec 9 1995,New Orleans,Louisiana
Kemba Walker,May 8 1990,The Bronx,New York
Kendrick Nunn,Aug 3 1995,Chicago,Illinois
Kentavious Caldwell-Pope,Feb 18 1993,Thomaston,Georgia
Kevin Huerter,Aug 27 1998,Albany,New York
Kevin Knox,Aug 11 1999,Phoenix,Arizona
Kevin Love,Sep 7 1988,Santa Monica,California
Kevin Porter Jr.,May 4 2000,Seattle,Washington
Kevon Looney,Feb 6 1996,Milwaukee,Wisconsin
Khris Middleton,Aug 12 1991,Charleston,South Carolina
Khyri Thomas,May 8 1996,Omaha,Nebraska
Kris Dunn,Mar 18 1994,New London,Connecticut
Kyle Anderson,Sep 20 1993,Fairview,New Jersey
Kyle Guy,Aug 11 1997,Indianapolis,Indiana
Kyle Korver,Mar 17 1981,Lakewood,California
Kyle Kuzma,Jul 24 1995,Flint,Michigan
Kyle Lowry,Mar 25 1986,Philadelphia,Pennsylvania
Kyle O'Quinn,Mar 26 1990,Queens,New York
KZ Okpala,Apr 28 1999,Orange County,California
Landry Shamet,Mar 13 1997,Kansas City,Missouri
Langston Galloway,Dec 9 1991,Baton Rouge,Louisiana
Larry Nance Jr.,Jan 1 1993,Akron,Ohio
LeBron James,Dec 30 1984,Akron,Ohio
Lonnie Walker,Dec 14 1998,Reading,Pennsylvania
Lonzo Ball,Oct 27 1997,Anaheim,California
Louis King,Apr 6 1999,Seacaucus,New Jersey
Luke Kennard,Jun 24 1996,Middletown,Ohio
Malcolm Brogdon,Dec 11 1992,Atlanta,Georgia
Malcolm Miller,Mar 6 1993,Gaithersburg,Maryland
Malik Beasley,Nov 26 1996,Atlanta,Georgia
Malik Monk,Feb 4 1998,Jonesboro,Arkansas
Malik Newman,Feb 21 1997,Shreveport,Louisiana
Marcus Morris,Sep 2 1989,Philadelphia,Pennsylvania
Markelle Fultz,May 29 1998,Upper Marlboro,Maryland
Markieff Morris,Sep 2 1989,Philadelphia,Pennsylvania
Marquese Chriss,Jul 2 1997,Sacramento,California
Marvin Bagley III,Mar 14 1999,Tempe,Arizona
Marvin Williams,Jun 19 1986,Bremerton,Washington
Mason Plumlee,Mar 5 1990,Fort Wayne,Indiana
Matisse Thybulle,Mar 4 1997,Scottsdale,Arizona
Matt Mooney,Feb 7 1997,Chicago,Illinois
Matt Thomas,Aug 4 1994,Decatur,Illinois
Maurice Harkless,May 11 1993,Queens,New York
Max Strus,Mar 28 1996,Hickory Hills,Illinois
Melvin Frazier,Aug 30 1996,New Orleans,Louisiana
Meyers Leonard,Feb 27 1992,Robinson,Illinois
Michael Carter-Williams,Oct 10 1991,Hamilton,Massachusetts
Michael Frazier,Mar 8 1994,The Bronx,New York
Michael Kidd-Gilchrist,Sep 26 1993,Philadelphia,Pennsylvania
Michael Porter Jr.,Jun 29 1998,Columbia,Missouri
Mikal Bridges,Aug 30 1996,Philadelphia,Pennsylvania
Mike Conley,Oct 11 1987,Fayetteville,Arkansas
Mike Muscala,Jul 1 1991,St. Louis Park,Minnesota
Mike Scott,Jul 16 1988,Chesapeake,Virginia
Miles Bridges,Mar 21 1998,Flint,Michigan
Mitchell Robinson,Apr 1 1998,Pensacola,Florida
Miye Oni,Aug 4 1997,Los Angeles,California
Mo Bamba,May 12 1998,Harlem,New York
Monte Morris,Jun 27 1995,Grand Rapids,Michigan
Moses Brown,Oct 13 1999,New York,New York
Nassir Little,Feb 11 2000,Pensacola,Florida
Naz Reid,Aug 26 1999,Asbury Park,New Jersey
Nerlens Noel,Apr 10 1994,Malden,Massachusetts
Nicolas Claxton,Apr 17 1999,Greenville,South Carolina
Nigel Williams-Goss,Sep 16 1994,Happy Valley,Oregon
Noah Vonleh,Aug 24 1995,Salem,Massachusetts
Norman Powell,May 25 1993,San Diego,California
Omari Spellman,Jul 21 1997,Cleveland,Ohio
Otto Porter,Jun 3 1993,St. Louis,Missouri
P.J. Washington,Aug 23 1998,Louisville,Kentucky
Pat Connaughton,Jan 6 1993,Arlington,Massachusetts
Patrick Beverley,Jul 12 1988,Chicago,Illinois
Patrick McCaw,Oct 25 1995,St. Louis,Missouri
Patrick Patterson,Mar 14 1989,Washington,District of Columbia
Paul George,May 2 1990,Palmdale,California
Paul Millsap,Feb 10 1985,Monroe,Louisiana
Paul Watson,Dec 30 1994,Phoenix,Arizona
PJ Dozier,Oct 25 1996,Columbia,South Carolina
Quinn Cook,Mar 23 1993,Washington,District of Columbia
Quinndary Weatherspoon,Sep 10 1996,Canton,Mississippi
Rajon Rondo,Feb 22 1986,Louisville,Kentucky
Reggie Bullock,Mar 16 1991,Baltimore,Maryland
Richaun Holmes,Oct 15 1993,Lockport,Illinois
Robert Covington,Dec 14 1990,Bellwood,Illinois
Robert Williams,Oct 17 1997,Shreveport,Louisiana
Robin Lopez,Apr 1 1988,North Hollywood,California
Rodney Hood,Oct 20 1992,Meridian,Mississippi
Rodney McGruder,Jul 29 1991,Landover,Maryland
Romeo Langford,Oct 25 1999,New Albany,Indiana
Rondae Hollis-Jefferson,Jan 3 1995,Chester,Pennsylvania
Rudy Gay,Aug 17 1986,Baltimore,Maryland
Russell Westbrook,Nov 12 1988,Long Beach,California
Ryan Anderson,May 6 1988,Sacramento,California
Ryan Arcidiacono,Mar 26 1994,Langhorne,Pennsylvania
Semi Ojeleye,Dec 5 1994,Overland Park,Kansas
Shabazz Napier,Jul 14 1991,Roxbury,Massachusetts
Shake Milton,Sep 26 1996,Owasso,Oklahoma
Shamorie Ponds,Jun 29 1998,Brooklyn,New York
Shaquille Harrison,Oct 6 1993,Kansas City,Missouri
Solomon Hill,Mar 18 1991,Los Angeles,California
Spencer Dinwiddie,Apr 6 1993,Los Angeles,California
Stanley Johnson,May 29 1996,Los Angeles,California
Stanton Kidd,Mar 18 1992,Baltimore,Maryland
Stephen Curry,Mar 14 1988,Akron,Ohio
Sterling Brown,Feb 10 1995,Maywood,Illinois
T.J. McConnell,Mar 25 1992,Pittsburgh,Pennsylvania
Taj Gibson,Jun 24 1985,Brooklyn,New York
Talen Horton-Tucker,Nov 25 2000,Chicago,Illinois
Tariq Owens,Jun 30 1995,Utica,New York
Terance Mann,Oct 18 1996,Brooklyn,New York
Terence Davis,May 16 1997,Southaven,Mississippi
Terrance Ferguson,May 17 1998,Tulsa,Oklahoma
Terrence Ross,Feb 5 1991,Portland,Oregon
Terry Rozier,Mar 17 1994,Youngstown,Ohio
Thaddeus Young,Jun 21 1988,New Orleans,Louisiana
Thomas Bryant,Jul 31 1997,Rochester,New York
Tim Hardaway Jr.,Mar 16 1992,Orinda,California
Tobias Harris,Jul 15 1992,Islip,New York
Tony Bradley,Jan 8 1998,Bartow,Florida
Tony Snell,Nov 10 1991,Los Angeles,California
Torrey Craig,Dec 19 1990,Columbia,South Carolina
Tremont Waters,Jan 10 1998,New Haven,Connecticut
Treveon Graham,Oct 28 1993,Temple Hills,Maryland
Trevor Ariza,Jun 30 1985,Miami,Florida
Trey Burke,Nov 12 1992,Columbus,Ohio
Troy Brown Jr.,Jul 28 1999,Las Vegas,Nevada
Troy Daniels,Jul 15 1991,Roanoke,Virginia
Ty Jerome,Jul 8 1997,New York,New York
Tyler Cook,Sep 23 1997,St. Louis,Missouri
Tyler Herro,Jan 20 2000,Milwaukee,Wisconsin
Tyler Johnson,May 7 1992,Grand Forks,North Dakota
Tyrone Wallace,Jun 10 1994,Bakersfield,California
Tyson Chandler,Oct 2 1982,Hanford,California
Tyus Jones,May 10 1996,Burnsville,Minnesota
Udonis Haslem,Jun 9 1980,Miami,Florida
Vic Law,Dec 19 1995,South Holland,Illinois
Victor Oladipo,May 4 1992,Silver Spring,Maryland
Vince Carter,Jan 26 1977,Daytona Beach,Florida
Wayne Ellington,Nov 29 1987,Wynnewood,Pennsylvania
Wendell Carter Jr.,Apr 16 1999,Atlanta,Georgia
Will Barton,Jan 6 1991,Baltimore,Maryland
Willie Cauley-Stein,Aug 18 1993,Spearville,Kansas
Wilson Chandler,May 10 1987,Benton Harbor,Michigan
Yogi Ferrell,May 9 1993,Indianapolis,Indiana
Zach Collins,Nov 19 1997,Las Vegas,Nevada
Zach LaVine,Mar 10 1995,Renton,Washington
Zach Norvell,Dec 9 1997,Chicago,Illinois
Zylan Cheatham,Nov 17 1995,Phoenix,Arizona
